date,amount,description,transaction_type
2024-01-18,3167.1,synthesize sticky systems,credit
2024-09-09,1172.85,deploy holistic bandwidth,credit
2024-06-26,3817.7,synthesize front-end methodologies,debit
2024-01-21,2807.79,whiteboard cutting-edge paradigms,debit
2024-05-30,4036.21,iterate wireless models,credit
2024-03-25,452.13,expedite leading-edge e-commerce,credit
2024-05-03,2684.67,monetize turn-key niches,credit
2024-03-05,4461.35,transition cutting-edge applications,debit
2024-06-02,4274.23,implement synergistic ROI,credit
2024-02-15,4470.37,grow real-time metrics,credit
2024-04-15,546.75,scale collaborative e-business,debit
2024-07-06,1452.86,innovate 24/7 architectures,credit
2024-08-13,1249.77,expedite clicks-and-mortar platforms,debit
2024-07-19,3330.94,seize out-of-the-box partnerships,debit
2024-03-16,2521.38,enhance best-of-breed relationships,credit
2024-02-21,1916.47,enable viral metrics,credit
2024-05-05,3951.33,morph virtual architectures,credit
2024-04-22,2363.53,strategize clicks-and-mortar initiatives,credit
2024-01-23,3962.72,re-intermediate best-of-breed mindshare,credit
2024-02-07,3782.83,incentivize proactive relationships,debit
2024-02-19,3698.88,monetize B2C solutions,credit
2024-04-09,4655.52,integrate bleeding-edge functionalities,credit
2024-03-31,4388.7,empower virtual technologies,credit
2024-02-05,4494.77,integrate clicks-and-mortar solutions,debit
2024-05-08,2981.83,strategize vertical architectures,debit
2024-06-08,1369.78,enable web-enabled models,debit
2024-03-08,2056.81,enhance open-source e-services,debit
2024-04-03,1050.87,generate cross-media ROI,debit
2024-02-21,2243.35,grow world-class methodologies,credit
2024-02-03,2715.78,target customized solutions,debit
2024-02-06,803.53,revolutionize efficient content,credit
2024-04-23,2472.61,benchmark robust functionalities,debit
2024-08-31,494.64,seize viral convergence,credit
2024-08-20,4589.04,orchestrate compelling synergies,credit
2024-07-03,4932.28,facilitate collaborative convergence,debit
2024-05-25,3165.07,cultivate bricks-and-clicks markets,debit
2024-04-12,3376.6,engineer cutting-edge ROI,credit
2024-01-23,1669.48,iterate enterprise portals,debit
2024-01-12,458.15,target web-enabled metrics,credit
2024-03-07,3504.55,evolve dynamic eyeballs,credit
2024-01-13,2596.85,orchestrate leading-edge markets,debit
2024-06-25,2075.66,syndicate impactful bandwidth,credit
2024-07-31,946.46,implement leading-edge models,debit
2024-02-29,4289.82,brand distributed bandwidth,credit
2024-04-19,1516.08,iterate front-end networks,debit
2024-09-21,2821.65,streamline extensible interfaces,debit
2024-07-11,2196.8,grow world-class e-commerce,debit
2024-06-02,161.99,exploit end-to-end markets,debit
2024-02-05,2771.33,strategize robust schemas,debit
2024-08-19,3635.97,repurpose rich methodologies,debit
2024-06-21,882.97,enable clicks-and-mortar web services,debit
2024-09-22,709.06,exploit one-to-one e-commerce,credit
2024-09-14,3900.46,revolutionize open-source initiatives,debit
2024-03-30,1801.72,synergize B2C info-mediaries,credit
2024-01-01,3334.45,syndicate B2C platforms,debit
2024-09-16,3374.81,drive distributed solutions,credit
2024-02-06,1126.71,envisioneer back-end eyeballs,credit
2024-02-05,3191.3,architect cross-platform methodologies,debit
2024-06-14,3221.81,leverage rich models,credit
2024-06-08,2188.03,transition killer platforms,debit
2024-03-23,1056.61,mesh ubiquitous eyeballs,credit
2024-08-22,4430.36,envisioneer next-generation applications,credit
2024-05-28,4391.97,enable viral technologies,credit
2024-07-23,4960.86,incentivize granular ROI,debit
2024-02-13,1406.92,exploit out-of-the-box ROI,credit
2024-03-04,2647.09,deliver collaborative models,debit
2024-02-23,354.25,transition integrated communities,debit
2024-04-21,1396.3,enhance cross-platform functionalities,credit
2024-07-26,1393.73,productize seamless bandwidth,debit
2024-08-04,4024.58,unleash impactful synergies,debit
2024-09-07,2273.01,integrate plug-and-play eyeballs,credit
2024-04-12,1659.35,expedite wireless applications,debit
2024-01-04,727.04,brand impactful paradigms,credit
2024-06-27,3969.8,synthesize extensible info-mediaries,debit
2024-01-13,1002.67,evolve vertical methodologies,debit
2024-07-27,448.07,streamline visionary eyeballs,credit
2024-02-27,3531.29,enhance rich action-items,debit
2024-08-24,170.11,benchmark dot-com vortals,credit
2024-08-03,985.08,re-contextualize front-end e-business,credit
2024-03-27,3988.84,utilize wireless content,credit
2024-06-01,3637.64,incentivize distributed schemas,credit
2024-08-21,3745.34,mesh intuitive e-business,credit
2024-05-31,87.06,re-contextualize web-enabled partnerships,debit
2024-03-20,2545.45,deploy distributed applications,debit
2024-03-18,1545.18,transform frictionless bandwidth,debit
2024-08-01,2800.93,productize compelling mindshare,credit
2024-07-30,3119.59,incubate web-enabled vortals,credit
2024-08-13,3912.27,re-contextualize open-source eyeballs,debit
2024-03-12,4370.64,engage real-time architectures,debit
2024-06-06,982.72,whiteboard integrated systems,credit
2024-06-20,2069.87,enable strategic initiatives,credit
2024-07-15,3183.39,maximize e-business architectures,debit
2024-08-13,1769.7,transform killer interfaces,credit
2024-04-01,1552.04,transition leading-edge info-mediaries,debit
2024-01-17,3529.61,implement enterprise ROI,credit
2024-07-22,1774.73,reinvent holistic experiences,credit
2024-02-16,3029.95,engage scalable e-markets,credit
2024-08-03,3812.63,drive 24/365 partnerships,credit
2024-01-28,3317.28,empower collaborative channels,credit
2024-09-01,3187.76,optimize dynamic communities,debit
2024-03-01,1381.97,mesh back-end relationships,credit
2024-09-18,582.81,transition cross-platform e-tailers,debit
2024-06-18,3883.37,re-intermediate dynamic infrastructures,credit
2024-09-12,1020.39,cultivate back-end applications,debit
2024-07-29,2870.81,seize e-business solutions,debit
